old_slug,new_slug,old_title,new_title,method,score
2023-hr-1,2023-hr-1-2-1,1) 장애정도,1) 장애정도,title,0.919
2023-hr-1-2,2023-hr-2-1-1,1) 장애인교원 인사관리 기본 방향 및 고려 사항,1) 장애인교원 인사관리 기본 방향 및 고려 사항,title,0.924
2023-hr-1-3,2023-hr-2-2-1,1) 신규 임용,1) 신규 임용,title,0.873
2023-hr-1-4,2023-hr-2-3-1,1) 업무분장 등에서의 고려 사항,1) 업무분장 등에서의 고려 사항,title,0.920
2023-hr-1-5,2023-hr-app-3-1,1) 인적지원,1) 인적지원,title,0.038
2023-hr-1-6,2023-hr-3-2-4-1,(1) 정보접근 지원 개념과 원칙,(1) 정보접근 지원 개념과 원칙,title,0.969
2023-hr-1-7,2023-hr-app-3,1. 시·도교육청 장애인교원 업무 담당(지원) 부서 및 연락처,<부록3> 장애인교원 관련 유관기관 정보,containment,0.936
2023-hr-1-8,2023-hr-app-3-1,1) 인적지원,1) 인적지원,title,0.858
2023-hr-2,2023-hr-1-2-2,2) 장애유형,2) 장애유형,title,0.894
2023-hr-2-2,2023-hr-2-1-2,2) 개인정보보호,2) 개인정보보호,title,0.898
2023-hr-2-3,2023-hr-2-2-2-1,2) 전보 임용,(1) 개요,containment,0.704
2023-hr-2-4,2023-hr-2-3-2-4,2) 주요 업무별 고려 사항,(4) 순회ㆍ겸임 업무 담당 장애인교원에 대한 지원 마련,containment,0.542
2023-hr-2-5,2023-hr-3-2-2,2) 의사소통 지원,2) 의사소통 지원,title,0.294
2023-hr-2-6,2023-hr-3-2-4-2,(2) 정보접근 지원 관련 근거,(2) 정보접근 지원 관련 근거,title,0.619
2023-hr-2-7,2023-hr-app-3,2. 장애인교원 지원 관련 유관기관,<부록3> 장애인교원 관련 유관기관 정보,containment,0.910
2023-hr-2-8,2023-hr-app-3-2,2) 보조기기 지원 관련 기관,2) 보조기기 지원 관련 기관,title,0.876
2023-hr-3,2023-hr-2-2-3,3) 승진 임용,3) 승진 임용,title,0.877
2023-hr-3-2,2023-hr-app-2-x1-x2,개인정보 제3자 제공 및 처리 동의,개인정보 수집·이용 및 제공 사전 동의서(서비스 이용자용),subheading+containment,0.883
2023-hr-3-3,2023-hr-app-2-x2-x4,개인정보 제3자 제공 및 처리 동의,개인정보 수집·이용 및 제공 사전 동의서,subheading+containment,0.864
2023-hr-3-4,,3. 교원단체,,unmatched,0.483
2023-hr-3-5,2023-hr-app-3-3,3) 편의시설 지원 관련 기관,3) 편의시설 지원 관련 기관,title,0.053
2023-hr-5,2023-hr-3-2-5-1,5) 편의시설 지원,(1) 편의시설 지원의 개념 및 종류,containment,0.930
2023-hr-6,2023-hr-3-2-6-1,6) 근무환경 개선 지원,(1) 적절한 근무 장소 및 휴게 공간 제공,containment,0.862
2023-hr-7,2023-hr-3-2-7,7) 장애인교원에 대한 인식개선 노력,7) 장애인교원에 대한 인식개선 노력,title,0.944
2023-hr-8,2023-hr-3-2-8,8) 장애인지원관의 지정 등,8) 장애인지원관의 지정 등,title,0.923
2023-hr-appendix-007,2023-hr-x1-x3,부록,□ 안내서 활용 방법,containment,0.782
2023-hr-p-001,2023-hr-x1-x2,안내서 개발 목적,□ 안내서 개발 근거 및 주요 내용,subheading,0.975
2023-hr-p-002,2023-hr-x1-x2,안내서 개발 근거 및 주요 내용,□ 안내서 개발 근거 및 주요 내용,title,0.985
2023-hr-p-003,2023-hr-x1-x3,안내서 활용 방법,□ 안내서 활용 방법,title,0.986
2023-hr-p-004,2023-hr-x1-x3,장애인교원의 이해,□ 안내서 활용 방법,containment,0.667
2023-hr-p-005,2023-hr-x1-x3,장애인교원 인사관리,□ 안내서 활용 방법,containment,0.673
2023-hr-p-006,2023-hr-x1-x3,장애인교원 편의지원,□ 안내서 활용 방법,containment,0.705
2023-hr-p-010,2023-hr-1-2-2,<그림> 등록장애인의 장애유형,2) 장애유형,containment,0.640
2023-hr-p-011,2023-hr-1-2-2-1,장애특성,(1) 지체장애,containment,0.960
2023-hr-p-012,2023-hr-1-2-2-1,고려 사항,(1) 지체장애,containment,0.957
2023-hr-p-013,2023-hr-1-2-2-1,필요로 하는 편의지원 유형,(1) 지체장애,containment,0.504
2023-hr-p-014,2023-hr-1-2-2-2,장애특성,(2) 뇌병변장애,containment,0.966
2023-hr-p-015,2023-hr-1-2-2-2,고려 사항,(2) 뇌병변장애,containment,0.952
2023-hr-p-016,2023-hr-1-2-2-2,필요로 하는 편의지원 유형,(2) 뇌병변장애,containment,0.914
2023-hr-p-017,2023-hr-1-2-2-3,장애특성,(3) 시각장애,containment,0.965
2023-hr-p-018,2023-hr-1-2-2-3,고려 사항,(3) 시각장애,containment,0.951
2023-hr-p-019,2023-hr-1-2-2-3,필요로 하는 편의지원 유형,(3) 시각장애,containment,0.770
2023-hr-p-020,2023-hr-1-2-2-4,장애특성,(4) 청각장애,containment,0.930
2023-hr-p-021,2023-hr-1-2-2-4,고려 사항,(4) 청각장애,containment,0.945
2023-hr-p-022,2023-hr-1-2-2-4,필요로 하는 편의지원 유형,(4) 청각장애,containment,0.840
2023-hr-p-023,2023-hr-1-2-2-5,장애특성,(5) 언어장애,containment,0.958
2023-hr-p-024,2023-hr-1-2-2-5,고려 사항,(5) 언어장애,containment,0.952
2023-hr-p-025,2023-hr-1-2-2-5,필요로 하는 편의지원 유형,(5) 언어장애,containment,0.898
2023-hr-p-026,2023-hr-1-2-2-6,장애특성,(6) 안면장애,containment,0.945
2023-hr-p-027,2023-hr-1-2-2-6,고려 사항,(6) 안면장애,containment,0.927
2023-hr-p-028,,필요로 하는 편의지원 유형,,unmatched,0.365
2023-hr-p-029,2023-hr-1-2-2-7,장애특성,(7) 신장장애,containment,0.953
2023-hr-p-030,2023-hr-1-2-2-7,고려 사항,(7) 신장장애,containment,0.936
2023-hr-p-031,2023-hr-1-2-2-7,필요로 하는 편의지원 유형,(7) 신장장애,containment,0.878
2023-hr-p-032,2023-hr-1-2-2-8,장애특성,(8) 심장장애,containment,0.949
2023-hr-p-033,2023-hr-1-2-2-8,고려 사항,(8) 심장장애,containment,0.952
2023-hr-p-034,2023-hr-1-2-2-10,필요로 하는 편의지원 유형,(10) 간장애,containment,0.917
2023-hr-p-035,2023-hr-1-2-2-9,장애특성,(9) 호흡기장애,containment,0.943
2023-hr-p-036,2023-hr-1-2-2-9,고려 사항,(9) 호흡기장애,containment,0.947
2023-hr-p-037,2023-hr-1-2-2-9,필요로 하는 편의지원 유형,(9) 호흡기장애,containment,0.938
2023-hr-p-038,2023-hr-1-2-2-10,장애특성,(10) 간장애,containment,0.959
2023-hr-p-039,2023-hr-1-2-2-10,고려 사항,(10) 간장애,containment,0.933
2023-hr-p-040,2023-hr-1-2-2-10,필요로 하는 편의지원 유형,(10) 간장애,containment,0.917
2023-hr-p-041,2023-hr-1-2-2-11,장애특성,(11) 장루ㆍ요루장애,containment,0.892
2023-hr-p-042,2023-hr-1-2-2-11,고려 사항,(11) 장루ㆍ요루장애,containment,0.949
2023-hr-p-043,2023-hr-1-2-2-11,필요로 하는 편의지원 유형,(11) 장루ㆍ요루장애,containment,0.852
2023-hr-p-044,2023-hr-1-2-2-12,장애특성,(12) 뇌전증장애,containment,0.962
2023-hr-p-045,2023-hr-1-2-2-12,고려 사항,(12) 뇌전증장애,containment,0.948
2023-hr-p-046,,필요로 하는 편의지원 유형,,unmatched,0.117
2023-hr-p-052,,■ 교원 성과평가 시 장애인 차별에 대한 진정 사례,,unmatched,0.389
2023-hr-p-055,2023-hr-3-1,편의지원 제공 의무의 원칙,1. 편의지원의 개념,containment,0.905
2023-hr-p-057,2023-hr-3-2-1-1,■ 장애인교원의 인적지원 등 정당한 편의제공 거부에 대한 차별 진정 사례,(1) 유형,containment,0.517
2023-hr-p-061,2023-hr-3-2-4-3,■ 대전교육청 업무메신저 개선 사례,(3) 정보접근 지원 내용,containment,0.754
2023-hr-p-063,,나. 대상시설별로 설치하여야 하는 편의시설의 종류,,unmatched,0.470
2023-hr-p-067,2023-hr-app-1-x1,■ 장애인의 분류,□ 장애인의 분류,title,0.932
2023-hr-p-068,2023-hr-1-2-2-1,① 지체장애,(1) 지체장애,title,0.025
2023-hr-p-069,2023-hr-1-2-2-2,② 뇌병변장애,(2) 뇌병변장애,title,0.017
2023-hr-p-070,2023-hr-1-2-2-3,③ 시각장애,(3) 시각장애,title,0.055
2023-hr-p-071,2023-hr-1-2-2-4,④ 청각장애,(4) 청각장애,title,0.032
2023-hr-p-072,2023-hr-app-1-x6,⑧ 자폐성장애,□ 장애인복지법에 따른 보행상 장애 관련 기준,containment,0.642
2023-hr-p-073,2023-hr-1-2-2-7,⑨ 신장장애,(7) 신장장애,title,0.144
2023-hr-p-074,2023-hr-1-2-2-8,⑩ 심장장애,(8) 심장장애,title,0.023
2023-hr-p-075,2023-hr-1-2-2-9,⑪ 호흡기장애,(9) 호흡기장애,title,0.036
2023-hr-p-076,2023-hr-app-1-x4,■ 「장애인고용촉진 및 직업재활법」에 따른 중증장애 기준,□ 「장애인고용촉진 및 직업재활법」에 따른 중증장애 기준,title,0.960
2023-hr-p-077,2023-hr-app-1-x5,■ 중증장애인 확인을 위한 구체적인 장애상태,□ 중증장애인 확인을 위한 구체적인 장애상태,title,0.689
2023-hr-p-078,2023-hr-app-2-x1-x1,근로지원인 서비스 신청서,근로지원인 서비스 신청서,title,0.915
2023-hr-p-079,2023-hr-app-2-x1-x2,개인정보처리 동의,개인정보 수집·이용 및 제공 사전 동의서(서비스 이용자용),subheading+containment,0.976
2023-hr-p-080,2023-hr-app-2-x1-x2,고유식별번호 및 민감정보 처리 동의,개인정보 수집·이용 및 제공 사전 동의서(서비스 이용자용),subheading+containment,0.992
2023-hr-p-082,2023-hr-app-2-x1-x2,고유식별번호 및 민감정보 제공 동의,개인정보 수집·이용 및 제공 사전 동의서(서비스 이용자용),subheading+containment,0.874
2023-hr-p-083,2023-hr-app-2-x2-x1,보조공학기기 지원 신청서,보조공학기기 지원 신청서,title,0.774
2023-hr-p-084,,한국장애인고용공단 이사장 귀하,,unmatched,0.377
2023-hr-p-085,2023-hr-app-2-x2-x4,개인정보처리 동의,개인정보 수집·이용 및 제공 사전 동의서,subheading+containment,0.936
2023-hr-p-086,2023-hr-app-2-x2-x4,고유식별번호 및 민감정보 처리 동의,개인정보 수집·이용 및 제공 사전 동의서,subheading+containment,0.986
2023-hr-p-088,2023-hr-app-2-x2-x4,고유식별번호 및 민감정보 제공 동의,개인정보 수집·이용 및 제공 사전 동의서,subheading+containment,0.934
2023-research-1,,Ⅰ. 서론 1,,unmatched,0.273
2023-research-1-10,2023-research-2-2-5-1,(1) 교수학습,기타 분야 (1) 교수학습,title+containment,0.980
2023-research-1-11,2023-research-3-1-1,1. 교원의 직무 유형 관련 문헌자료 분석,1) 선행연구,containment,0.901
2023-research-1-12,,1) 연구 방법,,unmatched,0.321
2023-research-1-13,2023-research-4-1-1-1,1. 지체장애 및 뇌병변장애인,전문가협의회 진행 결과 및 시사점 (1) 1차 전문가협의회,containment,0.981
2023-research-1-14,2023-research-4-1-3-1,(1) 지원인력제고의 개선,(1) 지원인력제고의 개선,title,0.989
2023-research-1-15,2023-research-4-2-1-1,1) 전문가협의회 진행 결과,전문가협의회 진행 결과 (1) 1차 전문가협의회,containment,0.949
2023-research-1-16,2023-research-4-2-1-1,② 1차 전문가협의회 결과,전문가협의회 진행 결과 (1) 1차 전문가협의회,subheading+containment,0.896
2023-research-1-17,2023-research-4-2-2-1,1) 교사의 직무에 따른 장애인교원 근무 지원 방안,(1) 교사의 직무에 따른 장애인교원 근무 지원 방안,title,0.065
2023-research-1-18,2023-research-5-1,1. 결론,1. 결론,title,0.047
2023-research-1-19,2023-research-app-1,부록 1. 장애인교원 근무지원 방안 개발 관련 자료,◇ 부록1. 장애인교원 근무지원 방안 개발 관련 자료,title,0.593
2023-research-1-2,,Ⅱ. 장애인교원 지원 관련 선행연구 분석 1,,unmatched,0.306
2023-research-1-20,2023-research-app-3-x1,1차 조사결과 확인용,"「장애인교원 교육 전념 여건 지원사업」을 위한 전문가 패널 의견 조사_(초등학교용, 2차)",containment,0.843
2023-research-1-21,,1차 조사결과 확인용,,unmatched,0.442
2023-research-1-22,2023-research-app-2-x2,1차 조사결과 확인용,"「장애인교원 교육 전념 여건 지원사업」을 위한 전문가 패널 의견 조사_(중학교용, 1차)",containment,0.679
2023-research-1-23,,1차 조사결과 확인용,,unmatched,0.469
2023-research-1-24,,1차 조사결과 확인용,,unmatched,0.447
2023-research-1-25,,1차 조사결과 확인용,,unmatched,0.456
2023-research-1-26,,1차 조사결과 확인용,,unmatched,0.402
2023-research-1-27,2023-research-app-2-x4,1차 조사결과 확인용,"「장애인교원 교육 전념 여건 지원사업」을 위한 전문가 패널 의견 조사_(특수학교용, 1차)",containment,0.640
2023-research-1-3,2023-research-1-1,1. 연구의 필요성 및 목적,1. 연구의 필요성 및 목적,title,0.966
2023-research-1-3-2,2023-research-4-3-1-3,③ 1차 ~ 3차 전문가협의회 논의 결과 종합,(3) 1차 ~ 3차 전문가협의회 결과,subheading,0.982
2023-research-1-4,2023-research-1-2-1,1) 교사의 직무 유형 분석,1) 교사의 직무 유형 분석,title,0.918
2023-research-1-5,2023-research-1-3-1,1) 연구 수행 절차,1) 연구 수행 절차,title,0.560
2023-research-1-5-2,2023-research-app-1-5,[부록 1-5] 지체장애인 교원의 장애유형별 특성 및 요구를 고려한 전반적 지원 방안,[부록 1-5] 지체장애인 교원의 장애유형별 특성 및 요구를 고려한 전반적 지원 방안,title,0.477
2023-research-1-6,2023-research-2-1-2,1. 분석 절차,2) 분석 대상 자료,containment,0.953
2023-research-1-7,2023-research-2-1-2,<표 Ⅱ-1> 분석 대상 자료 현황,2) 분석 대상 자료,containment,0.805
2023-research-1-8,2023-research-2-3-1,1) 정보접근 분야,1) 정보접근 분야,title,0.279
2023-research-1-9,2023-research-2-2-4-1,(1) 교수학습,신체활동 분야 (1) 교수학습,title+containment,0.462
2023-research-117-2,2023-research-5-1-1-4,< 표 Ⅲ-117 > 특수학교 교원의 학생교육복지와 관련한 직무에 대한 타당성 조사 결과(2차),교원의 직무 유형 개발 결과 (4) 특수학교,containment,0.682
2023-research-195,2023-research-5-2,Ⅳ. 장애유형별 장애인교원 근무지원 방안 탐색 195,2. 요약 및 제언,containment,0.577
2023-research-2,2023-research-1-2-2,2) 교사 직무 유형에 따른 장애를 고려한 근무 지원 방안 탐색,2) 교사 직무 유형에 따른 장애를 고려한 근무 지원 방안 탐색,title,0.874
2023-research-2-1,2023-research-app-2-x1,부록 2. 델파이 1차 조사지,"「장애인교원 교육 전념 여건 지원사업」을 위한 전문가 패널 의견 조사_(초등학교용, 1차)",containment,0.862
2023-research-2-10,2023-research-3-3-2-2,(2) 중학교,연구결과 (2) 중학교,title+containment,0.844
2023-research-2-11,2023-research-4-1-1-2,② 2차 전문가협의회 결과,(2) 2차 전문가협의회,subheading+containment,0.988
2023-research-2-12,2023-research-4-1-2-1,2) 장애유형별 장애인교원 근무 지원 방안 탐색,(1) 교사의 주요 직무유형별 장애인교원 근무 현황 및 지원 방안,containment,0.753
2023-research-2-13,2023-research-4-1-2-2,(2) 장애유형별 특성 및 요구를 고려한 장애인교원의 전반적 지원 방안,(2) 장애유형별 특성 및 요구를 고려한 장애인교원의 전반적 지원 방안,title,0.980
2023-research-2-14,2023-research-4-1-3-2,(2) 지체장애인의 이동 및 정보 접근성 보장 노력,(2) 지체장애인의 이동 및 정보 접근성 보장 노력,title,0.538
2023-research-2-15,2023-research-4-2-2-1,2) 장애유형별 장애인교원 근무지원 방안 탐색,(1) 교사의 직무에 따른 장애인교원 근무 지원 방안,containment,0.817
2023-research-2-16,2023-research-4-2-2-2,(2) 지원유형별 장애인교원 근무 지원 방안,(2) 지원유형별 장애인교원 근무 지원 방안,title+containment,0.905
2023-research-2-17,2023-research-4-3-2,2) 지원유형별 장애인교원 근무 지원 방안,2) 지원유형별 장애인교원 근무 지원 방안,title+containment,0.950
2023-research-2-18,2023-research-5-1-1-2,(2) 중학교,교원의 직무 유형 개발 결과 (2) 중학교,title+containment,0.907
2023-research-2-19,2023-research-5-1-2-2,(2) 시각장애,(2) 시각장애,title,0.902
2023-research-2-2,2023-research-1-3-2,2) 연구 운영 조직 체계,2) 연구 운영 조직 체계,title,0.739
2023-research-2-2-2,2023-research-4-2-1-2,(2) 2차 전문가 협의회,(2) 2차 전문가 협의회,title+containment,0.895
2023-research-2-20,2023-research-app-3-x1,2차 조사 응답,"「장애인교원 교육 전념 여건 지원사업」을 위한 전문가 패널 의견 조사_(초등학교용, 2차)",containment,0.824
2023-research-2-21,2023-research-app-3-x2,2차 조사 응답,"「장애인교원 교육 전념 여건 지원사업」을 위한 전문가 패널 의견 조사_(중학교용, 2차)",containment,0.533
2023-research-2-22,,2차 조사 응답,,unmatched,0.453
2023-research-2-23,,2차 조사 응답,,unmatched,0.444
2023-research-2-24,2023-research-3-3-3-3,2차 조사 응답,델파이 2차 조사 결과 (3) 고등학교,containment,0.570
2023-research-2-25,2023-research-3-3-3-3,2차 조사 응답,델파이 2차 조사 결과 (3) 고등학교,containment,0.547
2023-research-2-26,2023-research-5-1-1-3,2차 조사 응답,교원의 직무 유형 개발 결과 (3) 고등학교,containment,0.631
2023-research-2-27,2023-research-3-3-3-4,2차 조사 응답,델파이 2차 조사 결과 (4) 특수학교,containment,0.509
2023-research-2-28,,2차 조사 응답,,unmatched,0.324
2023-research-2-3,2023-research-2-2-1-2,(2) 생활지도,정보접근 분야 (2) 생활지도,title+containment,0.980
2023-research-2-4,2023-research-2-2-5-2,(2) 학교업무,기타 분야 (2) 학교업무,title+containment,0.132
2023-research-2-5,2023-research-2-3-2,2) 의사소통 분야,2) 의사소통 분야,title,0.925
2023-research-2-6,2023-research-3-1-2,2) 학교 내 교원 업무분장 사례,2) 학교 내 교원 업무분장 사례,title,0.873
2023-research-2-7,2023-research-3-2-1,2. 데이컴위원회,1) 방법,containment,0.960
2023-research-2-8,2023-research-3-2-2,2) 결과,2) 결과,title,0.888
2023-research-2-9,2023-research-3-3-2-1-d2,2) 연구결과,① 초등학교,containment,0.837
2023-research-2-9-2,2023-research-app-3-x3,2-9. 다음은 고등학교 교원의 진로진학 관련한 직무에 대한 내용입니다. 해당 내용이 어느 정도 타당하다고 생각하시는지 표시하여 주십시오.,"「장애인교원 교육 전념 여건 지원사업」을 위한 전문가 패널 의견 조사_(고등학교용, 2차)",containment,0.647
2023-research-3,2023-research-2-2-1-3,(3) 학교업무,정보접근 분야 (3) 학교업무,title+containment,0.980
2023-research-3-2,2023-research-2-3-1,3. 분석결과 요약,1) 정보접근 분야,containment,0.924
2023-research-3-2-2,2023-research-3-3-3-1,3) 델파이 2차 조사 결과,델파이 2차 조사 결과 (1) 초등학교,containment,0.869
2023-research-3-2-3,2023-research-app-3-x1,부록 3. 델파이 2차 조사지,"「장애인교원 교육 전념 여건 지원사업」을 위한 전문가 패널 의견 조사_(초등학교용, 2차)",containment,0.865
2023-research-3-3,2023-research-2-3-3,3) 이동 및 시설 접근 분야,3) 이동 및 시설 접근 분야,title,0.936
2023-research-3-3-2,2023-research-4-1-1-3,(3) 3차 전문가협의회,전문가협의회 진행 결과 및 시사점 (3) 3차 전문가협의회,title+containment,0.929
2023-research-3-4,2023-research-4-1-1-3,② 3차 전문가협의회 결과,전문가협의회 진행 결과 및 시사점 (3) 3차 전문가협의회,subheading+containment,0.983
2023-research-3-5,2023-research-4-3-3,3) 요약 및 제언,3) 요약 및 제언,title+containment,0.978
2023-research-3-6,2023-research-5-1-1-3,(3) 고등학교,교원의 직무 유형 개발 결과 (3) 고등학교,title+containment,0.889
2023-research-3-7,2023-research-5-1-2-3,(3) 청각장애,(3) 청각장애,title,0.879
2023-research-305,,Ⅴ. 결론 및 제언 305,,unmatched,0.273
2023-research-4,2023-research-2-3-4,4) 신체 활동 분야,4) 신체 활동 분야,title,0.920
2023-research-4-2,2023-research-3-3-2-4,(4) 특수학교,연구결과 (4) 특수학교,title+containment,0.865
2023-research-4-3,2023-research-3-3-3-4,(4) 특수학교,델파이 2차 조사 결과 (4) 특수학교,title+containment,0.849
2023-research-4-4,2023-research-5-1-1-4,(4) 특수학교,교원의 직무 유형 개발 결과 (4) 특수학교,title+containment,0.513
2023-research-49,,Ⅲ. 교원의 직무 분류표 개발 및 타당성 검증 49,,unmatched,0.317
2023-research-5,2023-research-2-3-5,5) 기타 분야,5) 기타 분야,title,0.971
2023-research-6,2023-research-2-3-6,6) 공통 분야,6) 공통 분야,title,0.966
2023-research-7,2023-research-2-3-5,< 표 Ⅱ-7 > 교원의 직무에 따른 장애유형별 장애인교원의 어려움 및 지원 요구 또는 지원 방안 선행연구 분석 결과 요약표 - 기타 분야,5) 기타 분야,containment,0.922
2023-research-94-2,2023-research-3-3-2-2,< 표 Ⅲ -94 > 중학교 교원의 민주시민교육과 관련한 직무에 대한 타당성 조사 결과(2차),연구결과 (2) 중학교,containment,0.659
2023-research-appendix-006,,부록,,unmatched,0.449
2023-research-neis,2023-research-2-2-1-3,② 시각장애 – NEIS(교무업무시스템) 사용의 어려움,정보접근 분야 (3) 학교업무,subheading,0.984
2023-research-p-015,2023-research-2-2-1-1,④ 시각장애 – 학습자료 선정 또는 신청의 어려움,정보접근 분야 (1) 교수학습,subheading,0.990
2023-research-p-016,2023-research-2-2-1-1,⑤ 청각장애 – 음성 및 영상 매체 활용의 어려움,정보접근 분야 (1) 교수학습,subheading,0.984
2023-research-p-020,2023-research-2-2-1-3,"③ 시각장애, 지체·뇌병변장애 – 장애가 고려된 컴퓨터 인터페이스 부재의 어려움",정보접근 분야 (3) 학교업무,subheading,0.983
2023-research-p-021,2023-research-2-2-1-3,"④ 시각장애 – 사진, 일반 인쇄물 등 자료 접근의 어려움",정보접근 분야 (3) 학교업무,subheading,0.346
2023-research-p-022,2023-research-2-2-3-4,② 타인과 함께 교무실 업무 시 어려움,이동 및 시설 접근 분야 (4) 기타,subheading,0.985
2023-research-p-023,2023-research-2-2-3-4,③ 시각장애 – 학교 공간 구성 위치 파악 및 숙지의 어려움,이동 및 시설 접근 분야 (4) 기타,subheading,0.983
2023-research-p-024,2023-research-2-2-3-4,④ 지체·뇌병변장애 – 외부 장소 이동의 어려움,이동 및 시설 접근 분야 (4) 기타,subheading,0.995
2023-research-p-025,2023-research-2-2-3-4,⑤ 교수학습과 생활지도의 어려움,이동 및 시설 접근 분야 (4) 기타,subheading,0.985
2023-research-p-042,2023-research-3-3-2-1-d2,② 수업과 학습지도,① 초등학교,subheading+containment,0.817
2023-research-p-044,2023-research-3-3-2-2,② 수업과 학습지도,연구결과 (2) 중학교,subheading+containment,0.808
2023-research-p-045,2023-research-3-3-2-3,② 수업과 학습지도,연구결과 (3) 고등학교,subheading+containment,0.771
2023-research-p-046,2023-research-3-3-2-3,④ 기타(행정업무 등),연구결과 (3) 고등학교,subheading+containment,0.538
2023-research-p-048,2023-research-3-3-2-4,② 수업과 학습지도,연구결과 (4) 특수학교,subheading+containment,0.789
2023-research-p-050,2023-research-3-3-3-1,② 수업과 학습지도,델파이 2차 조사 결과 (1) 초등학교,subheading+containment,0.890
2023-research-p-051,2023-research-3-3-3-1,③ 생활지도와 학급경영,델파이 2차 조사 결과 (1) 초등학교,subheading+containment,0.562
2023-research-p-052,2023-research-3-3-3-2,② 수업과 학습지도,델파이 2차 조사 결과 (2) 중학교,subheading+containment,0.851
2023-research-p-054,2023-research-3-3-3-3,④ 기타(행정업무 등),델파이 2차 조사 결과 (3) 고등학교,subheading+containment,0.620
2023-research-p-055,2023-research-3-3-3-3,② 수업과 학습지도,델파이 2차 조사 결과 (3) 고등학교,subheading+containment,0.800
2023-research-p-057,2023-research-3-3-3-4,② 수업과 학습지도,델파이 2차 조사 결과 (4) 특수학교,subheading+containment,0.875
2023-research-p-060,2023-research-4-1-1-1,㉤ 직무수행 방법에서의 어려움,전문가협의회 진행 결과 및 시사점 (1) 1차 전문가협의회,subheading,0.822
2023-research-p-062,2023-research-4-1-1-2,ⓑ 지체장애인 교원의 지위 하락 우려,(2) 2차 전문가협의회,containment,0.663
2023-research-p-072,2023-research-4-2-1-2,② 교직 특성에서 기인한 어려움,(2) 2차 전문가 협의회,subheading,0.261
2023-research-p-078,2023-research-4-3-2,① 업무 진행 시 가장 어려운 점,2) 지원유형별 장애인교원 근무 지원 방안,containment,0.956
2023-research-p-079,2023-research-4-3-2,② 해결방안,2) 지원유형별 장애인교원 근무 지원 방안,containment,0.950
2023-research-p-080,2023-research-4-3-2,① 생존수영 업무,2) 지원유형별 장애인교원 근무 지원 방안,containment,0.918
2023-research-p-097,,중학교 교원의 과학정보교육에 관련한 직무에 대한 수정 및 보완 의견,,unmatched,0.302
2023-research-p-103,,<고등학교 교원의 진로진학과 관련한 직무에 대한 수정 및 보완 의견>,,unmatched,0.302
2023-research-p-105,,진로진학과 관련한 직무의 구성과 관련하여 추가 의견이 있으시면 작성해주시기 바랍니다.,,unmatched,0.461
2023-research-p-112,,<특수학교 교원의 과학정보교육에 관련한 직무에 대한 수정 및 보완 의견>,,unmatched,0.466
2023-research-p-113,2023-research-app-3-x4,검토 및 반영 내용,"「장애인교원 교육 전념 여건 지원사업」을 위한 전문가 패널 의견 조사_(특수학교용, 2차)",containment,0.786
2024-jbu-1,2024-jbu-1-1-2,1 장애인교원의 정의 및 특성,나. 장애인교원의 분류,containment,0.726
2024-jbu-1-10,2024-jbu-4-app-2-x1-x3,1. 민원(고객)사무의 명칭 :,행정정보 공동이용 신청(동의)서,subheading,1.000
2024-jbu-1-11,2024-jbu-4-app-2-x2-x4,1. 시·도교육청 장애인교원 업무 담당(지원) 부서 및 연락처,개인정보 수집·이용 및 제공 사전 동의서,containment,0.936
2024-jbu-1-12,2024-jbu-4-app-2-x2-1,1) 인적지원,보조공학기기 신청 서식 1) 인적지원,title+containment,0.907
2024-jbu-1-2,2024-jbu-1-1-3-1,1) 외부 신체기능장애와 내부기관장애,1) 외부 신체기능장애와 내부기관장애,title,1.000
2024-jbu-1-2-2,2024-jbu-4-app-1,[가. 일반사항 1-2] 지원유형별 근로지원인 자격기준,[부록 1] 편의시설의 종류,containment,0.744
2024-jbu-1-3,2024-jbu-2-1-1,1 업무 지원 원칙,가. 업무 지원 과정에서의 고려 사항,containment,0.952
2024-jbu-1-4,2024-jbu-2-2-3-1,1) 생활지도 및 학급운영의 하위 업무 유형,1) 생활지도 및 학급운영의 하위 업무 유형,title,1.000
2024-jbu-1-5,2024-jbu-2-2-4-1,1) 시각장애,1) 시각장애,title,0.926
2024-jbu-1-6,2024-jbu-2-2-4-3,(1) 교육 환경의 지속적 개선,3) 지체·뇌병변장애,subheading,0.911
2024-jbu-1-7,,1 복무 및 성과 관리 지원,,unmatched,0.409
2024-jbu-1-8,2024-jbu-4-2-3-1,1) 교육활동 침해 유형,1) 교육활동 침해 유형,title+containment,0.986
2024-jbu-1-9,2024-jbu-4-3-3-1,1) 교권침해 발생 대응 절차,1) 교권침해 발생 대응 절차,title,0.889
2024-jbu-1-94,,1. 장애인교원의 권리 94,,unmatched,0.282
2024-jbu-2,2024-jbu-1-1-3-2,2) 내부기관장애,2) 내부기관장애,title,1.000
2024-jbu-2-10,2024-jbu-4-2-1-2,2) 장애인교원 관련 차별 사례,2) 장애인교원 관련 차별 사례,title,0.985
2024-jbu-2-11,2024-jbu-4-2-2-2,2) 장애인 학대 사례,2) 장애인 학대 사례,title,0.922
2024-jbu-2-12,2024-jbu-4-2-3-2,2) 교육활동 침해 사례,2) 교육활동 침해 사례,title,0.976
2024-jbu-2-13,2024-jbu-4-3-3-2,2) 교육활동 침해 유형,2) 교육활동 침해 유형,title+containment,0.962
2024-jbu-2-14,2024-jbu-4-app-2-x1-x3,2. 행정정보(구비서류) 공동이용 내용,행정정보 공동이용 신청(동의)서,subheading,1.000
2024-jbu-2-15,2024-jbu-4-app-2-x2-x4,2. 장애인교원 지원 관련 유관기관,개인정보 수집·이용 및 제공 사전 동의서,containment,0.919
2024-jbu-2-16,2024-jbu-4-app-2-x2-2,2) 보조기기 지원 관련 기관,2) 보조기기 지원 관련 기관,title,0.841
2024-jbu-2-2,2024-jbu-1-2-1-2,2) 지원 원칙,2) 지원 원칙,title,1.000
2024-jbu-2-3,2024-jbu-1-2-2-2,2) 의사소통지원,2) 의사소통지원,title,0.970
2024-jbu-2-4,2024-jbu-2-1-2-2,2) 보직 배정,2) 보직 배정,title,1.000
2024-jbu-2-5,2024-jbu-2-2-1-2,(2) 수업 실행,2) 장애유형별 교수학습 지원 방안,subheading,0.897
2024-jbu-2-6,2024-jbu-2-2-3-2,2) 장애유형별 생활지도 및 학급운영 지원 방안,2) 장애유형별 생활지도 및 학급운영 지원 방안,title,0.951
2024-jbu-2-7,2024-jbu-2-2-3-2,(2) 시각장애인교원의 학급운영 지원 내용,2) 장애유형별 생활지도 및 학급운영 지원 방안,subheading,0.964
2024-jbu-2-8,2024-jbu-2-2-4-2,2) 청각장애,2) 청각장애,title,0.915
2024-jbu-2-9,2024-jbu-3-3-1-2,2) 근무 시간 조정,2) 근무 시간 조정,title,0.985
2024-jbu-2-98,,2. 장애인교원 인권침해 유형 및 사례 98,,unmatched,0.273
2024-jbu-3,2024-jbu-2-1-2-3,3) 업무 배정,3) 업무 배정,title,0.984
2024-jbu-3-112,,3. 인권침해 대응 절차 112,,unmatched,0.455
2024-jbu-3-2,2024-jbu-4-app-2-x1-x2,개인정보 제3자 제공 및 처리 동의,개인정보 수집·이용 및 제공 사전 동의서(서비스 이용자용),subheading+containment,0.883
2024-jbu-3-3,2024-jbu-4-app-2-x2-x4,3. 교원단체,개인정보 수집·이용 및 제공 사전 동의서,containment,0.934
2024-jbu-3-4,2024-jbu-4-app-2-x2-3,3) 편의시설 지원 관련 기관,3) 편의시설 지원 관련 기관,title,0.871
2024-jbu-4,2024-jbu-4-app-2-x2-4,4) 이동지원 관련 기관,4) 이동지원 관련 기관,title,0.862
2024-jbu-414,2024-jbu-4-2-1-1,라) 광고에 의한 차별(법 제4조제1항제4호),1) 장애인 차별 유형,subheading,0.968
2024-jbu-5,2024-jbu-4-app-2-x2-5,5) 웹접근성 지원 관련 기관,5) 웹접근성 지원 관련 기관,title,0.513
2024-jbu-p-006,2024-jbu-1-1-3-1,마) 언어장애,1) 외부 신체기능장애와 내부기관장애,subheading,1.000
2024-jbu-p-007,2024-jbu-1-1-3-1,바) 안면장애,1) 외부 신체기능장애와 내부기관장애,subheading,1.000
2024-jbu-p-009,2024-jbu-1-2-1-1,가. 정당한 편의제공의 개념과 지원 원칙,1) 정당한 편의제공의 개념 및 유형,containment,0.960
2024-jbu-p-011,2024-jbu-1-2-2-1,나. 정당한 편의제공 지원 절차,정당한 편의제공 지원 절차 1) 인적지원,containment,0.834
2024-jbu-p-012,2024-jbu-1-2-2-1,→ 지체장애,정당한 편의제공 지원 절차 1) 인적지원,containment,0.906
2024-jbu-p-013,,→ 청각ㆍ언어장애,,unmatched,0.327
2024-jbu-p-015,2024-jbu-1-2-2-3,가) 지원 근거,3) 보조기기지원,subheading+containment,1.000
2024-jbu-p-016,2024-jbu-1-2-2-3,나) 지원 내용,3) 보조기기지원,subheading+containment,0.748
2024-jbu-p-017,2024-jbu-1-2-2-4,가) 지원 근거,4) 편의시설 지원,subheading+containment,0.975
2024-jbu-p-018,2024-jbu-1-2-2-4,나) 지원 내용,4) 편의시설 지원,subheading+containment,0.955
2024-jbu-p-019,2024-jbu-1-2-2-2,가) 지원 근거,2) 의사소통지원,subheading+containment,0.438
2024-jbu-p-020,2024-jbu-1-2-2-5,나) 지원 내용,5) 정보접근 지원,subheading+containment,0.949
2024-jbu-p-022,2024-jbu-2-1-2-1,나. 주요 업무별 고려 사항,1) 수업 배정,containment,0.974
2024-jbu-p-025,2024-jbu-2-2-1-1,가. 교수학습,1) 교수학습의 하위 업무 유형,containment,0.992
2024-jbu-p-026,2024-jbu-2-2-4-1,가) 시각장애,1) 시각장애,title,0.065
2024-jbu-p-027,2024-jbu-2-2-4-2,나) 청각장애,2) 청각장애,title,0.137
2024-jbu-p-029,2024-jbu-2-2-1-2,□ 교구 제작 지원 절차,2) 장애유형별 교수학습 지원 방안,containment,0.661
2024-jbu-p-030,2024-jbu-2-2-2-2,① 과학교육 운영,2) 장애유형별 행정업무 지원 방안,containment,1.000
2024-jbu-p-031,2024-jbu-2-2-2-2,② 정보교육 운영,2) 장애유형별 행정업무 지원 방안,containment,0.869
2024-jbu-p-032,2024-jbu-2-2-4-2,나) 청각장애,2) 청각장애,title,0.030
2024-jbu-p-033,,② 학교 행사 운영,,unmatched,0.359
2024-jbu-p-034,,③ 평가 관리,,unmatched,0.490
2024-jbu-p-037,2024-jbu-2-2-3-2,② 학생 생활·안전 지도,2) 장애유형별 생활지도 및 학급운영 지원 방안,containment,0.945
2024-jbu-p-038,2024-jbu-2-2-3-2,③ 부적응학생 지도,2) 장애유형별 생활지도 및 학급운영 지원 방안,containment,0.919
2024-jbu-p-040,2024-jbu-2-2-4-2,나) 청각장애,2) 청각장애,title,0.055
2024-jbu-p-041,2024-jbu-2-2-3-2,① 지원 방향,2) 장애유형별 생활지도 및 학급운영 지원 방안,containment,0.964
2024-jbu-p-042,2024-jbu-1-2-2-1,② 지원 내용,정당한 편의제공 지원 절차 1) 인적지원,subheading+containment,0.154
2024-jbu-p-047,2024-jbu-3-2-1-2,가. 인사관리 원칙과 개인정보보호,2) 개인정보보호,containment,0.848
2024-jbu-p-048,2024-jbu-3-2-2,나. 주요 인사관리 지원 내용,나. 주요 인사관리 지원 내용,title,0.975
2024-jbu-p-049,2024-jbu-3-3-1-1,가. 근무 환경 지원,1) 근무 장소,containment,0.948
2024-jbu-p-051,2024-jbu-3-3-2-1,나. 휴게 환경 지원,1) 적절한 근무장소 및 휴게 공간 제공(「장애인 차별금지 및 권리구제 등에 관한 법률 시행령」 제5조),containment,0.947
2024-jbu-p-052,2024-jbu-3-3-3,다. 인식개선,다. 인식개선,title,0.943
2024-jbu-p-053,2024-jbu-3-3-4,라. 장애인지원관의 지정 등,라. 장애인지원관의 지정 등,title,0.975
2024-jbu-p-054,2024-jbu-4-1-1,가. 장애인으로서의 권리,가. 장애인으로서의 권리,title,0.975
2024-jbu-p-055,2024-jbu-4-1-2,나. 공무원으로서의 권리,나. 공무원으로서의 권리,title,1.000
2024-jbu-p-056,2024-jbu-4-1-3,다. 교원으로서의 권리,다. 교원으로서의 권리,title,0.945
2024-jbu-p-057,2024-jbu-4-1-4,라. 근로자로서의 권리,라. 근로자로서의 권리,title,0.986
2024-jbu-p-058,2024-jbu-4-2-1-1,가. 장애 관련 차별 유형 및 사례,1) 장애인 차별 유형,containment,0.959
2024-jbu-p-061,2024-jbu-4-2-2-1,나. 장애 관련 학대 유형 및 사례,1) 장애인 학대 유형,containment,0.852
2024-jbu-p-062,2024-jbu-4-2-2-1,나) 정서적 학대,1) 장애인 학대 유형,subheading,0.489
2024-jbu-p-063,2024-jbu-4-2-2-1,다) 성적 학대,1) 장애인 학대 유형,subheading,0.899
2024-jbu-p-067,2024-jbu-4-3-1-1,가. 장애 관련 차별 대응 절차,1) 국가인권위원회 진정,containment,0.848
2024-jbu-p-068,2024-jbu-4-3-2,나. 장애 관련 학대 대응 절차,나. 장애 관련 학대 대응 절차,title,0.614
2024-jbu-p-071,2024-jbu-4-3-3-3,◦학생에 의한 교육활동 침해 사건 처리 절차(예시),3) 교육활동 침해 사례별 처리 절차,containment,0.902
2024-jbu-p-072,2024-jbu-4-1-4,라. 근로자로서의 권리,라. 근로자로서의 권리,title,0.034
2024-jbu-p-074,2024-jbu-4-app-2-x1-x1,◦ 근로지원인 신청 서식,근로지원인 서비스 신청서,containment,0.862
2024-jbu-p-075,2024-jbu-4-app-2-x1-x2,개인정보처리 동의,개인정보 수집·이용 및 제공 사전 동의서(서비스 이용자용),subheading+containment,0.905
2024-jbu-p-076,2024-jbu-4-app-2-x1-x2,고유식별번호 및 민감정보 처리 동의,개인정보 수집·이용 및 제공 사전 동의서(서비스 이용자용),subheading+containment,0.926
2024-jbu-p-078,2024-jbu-4-app-2-x1-x2,고유식별번호 및 민감정보 제공 동의,개인정보 수집·이용 및 제공 사전 동의서(서비스 이용자용),subheading+containment,0.940
2024-jbu-p-081,2024-jbu-4-app-2-x2-x1,보조공학기기 지원 신청서,보조공학기기 지원 신청서,title,0.670
2024-jbu-p-082,2024-jbu-4-app-2-x2-x2,기기이용 장애인 및 신청기기 현황,기기이용 장애인 및 신청기기 현황,title,0.846
2024-jbu-p-083,2024-jbu-4-app-2-x2-x4,개인정보처리 동의,개인정보 수집·이용 및 제공 사전 동의서,subheading+containment,0.936
2024-jbu-p-084,2024-jbu-4-app-2-x2-x4,고유식별번호 및 민감정보 처리 동의,개인정보 수집·이용 및 제공 사전 동의서,subheading+containment,0.972
2024-staff-1,2024-staff-2-1,1 학교 현장 및 업무에 대한 이해,1. 학교 현장 및 업무에 대한 이해,containment,0.895
2024-staff-1-10,2024-staff-4-5-8,1) 교내 활동,아. 학급 활동,subheading,0.953
2024-staff-1-11,2024-staff-4-10-1,1) 이동 지원,가. 물리적 접근 지원,subheading,0.994
2024-staff-1-12,2024-staff-5-1-2,1 수업 준비,청각장애인교원 지원 방안 나. 교수학습자료 개발 및 준비,containment,0.680
2024-staff-1-13,2024-staff-5-7-3,1) 행사 기획,다. 행사 기획 및 운영,subheading,0.965
2024-staff-1-2,2024-staff-3-2-3,1) 판서,다. 교수 활동 지원,subheading+containment,1.000
2024-staff-1-3,2024-staff-3-2-5,1) 교수학습 정보 전달,마. 학생 관찰 및 정보 전달,subheading+containment,0.949
2024-staff-1-4,2024-staff-3-4-3,1) 교내 활동 동아리,시각장애인교원 지원 방안 다. 동아리 활동,subheading+containment,1.000
2024-staff-1-5,2024-staff-3-4-4,1) 교내 진로 활동,시각장애인교원 지원 방안 라. 진로 활동,subheading+containment,1.000
2024-staff-1-6,2024-staff-3-5-9,1) 학생 상담,자. 상담,subheading,1.000
2024-staff-1-7,2024-staff-3-5-10,1) 교내 학급 활동,차. 학급 활동,subheading,0.958
2024-staff-1-8,2024-staff-3-6-3,1) 등·하교 지도,다. 생활 지도,subheading+containment,0.980
2024-staff-1-9,2024-staff-4-1-1,1 수업 준비,지체·뇌병변장애인교원 지원 방안 가. 교수학습 활동 계획 수립 지원,containment,0.879
2024-staff-112,2024-staff-app-1-x3,제11조의2(수어통역 지원),□ 의사소통 지원 관련 법적 근거,containment,0.971
2024-staff-19,,Ⅲ 시각장애인교원 지원 방안 19,,unmatched,0.301
2024-staff-2,2024-staff-3-2-3,2) 시청각 멀티미디어 자료 제시,다. 교수 활동 지원,subheading,0.978
2024-staff-2-10,2024-staff-3-5-10,2) 교외 학급 활동,차. 학급 활동,subheading,0.970
2024-staff-2-11,2024-staff-3-6-3,2) 쉬는 시간,다. 생활 지도,subheading+containment,1.000
2024-staff-2-12,2024-staff-4-1-2,2) 학습활동지 제작,지체·뇌병변장애인교원 지원 방안 나. 교수학습자료 개발 및 준비,subheading+containment,0.878
2024-staff-2-13,2024-staff-4-2-3,2) 모둠 활동,지체·뇌병변장애인교원 지원 방안 다. 학습 활동 지원,subheading+containment,1.000
2024-staff-2-14,2024-staff-4-3-2,2) 서·논술 평가,지체·뇌병변장애인교원 지원 방안 나. 평가 유형별 지원 내용,subheading+containment,0.738
2024-staff-2-15,2024-staff-4-3-4,2) 서술형 평가 내용 입력,지체·뇌병변장애인교원 지원 방안 라. 평가 기록 입력 (학교생활기록부),subheading+containment,1.000
2024-staff-2-16,2024-staff-3-4-3,2) 동아리 활동,시각장애인교원 지원 방안 다. 동아리 활동,title+containment,0.525
2024-staff-2-17,2024-staff-4-5-8,2) 교외 활동,아. 학급 활동,subheading,0.987
2024-staff-2-18,2024-staff-4-10-1,2) 식사 및 휴식 지원,가. 물리적 접근 지원,subheading,1.000
2024-staff-2-19,2024-staff-5-2-3,2) 학생 발표 통역 지원,청각장애인교원 지원 방안 다. 학습 활동 지원,subheading,1.000
2024-staff-2-2,2024-staff-3-2-4,2) 모둠 활동,라. 학습 활동 지원,subheading+containment,1.000
2024-staff-2-20,2024-staff-5-4-2,2) 캠페인 활동,청각장애인교원 지원 방안 나. 봉사 활동,subheading+containment,0.967
2024-staff-2-21,2024-staff-5-7-3,2) 행사 운영,다. 행사 기획 및 운영,subheading,0.933
2024-staff-2-22,2024-staff-5-8-2,2) 활동형 원격 연수,나. 원격 연수,subheading,1.000
2024-staff-2-3,2024-staff-3-2-4,(2) 학습 과제 제시 및 학습 과제 수행 관찰,라. 학습 활동 지원,subheading,1.000
2024-staff-2-4,2024-staff-3-2-5,2) 도전적 행동 관찰 및 정보 전달,마. 학생 관찰 및 정보 전달,subheading+containment,0.958
2024-staff-2-5,2024-staff-3-3-2,2) 서·논술 평가,시각장애인교원 지원 방안 나. 평가 유형별 지원 내용,subheading+containment,0.931
2024-staff-2-6,2024-staff-3-4-2,2) 캠페인 활동,시각장애인교원 지원 방안 나. 봉사 활동,subheading+containment,0.948
2024-staff-2-7,2024-staff-3-4-3,2) 교외 활동 동아리,시각장애인교원 지원 방안 다. 동아리 활동,subheading+containment,1.000
2024-staff-2-8,2024-staff-3-4-4,2) 교외 진로 활동,시각장애인교원 지원 방안 라. 진로 활동,subheading+containment,1.000
2024-staff-2-9,2024-staff-3-5-9,2) 학부모 상담,자. 상담,subheading,1.000
2024-staff-3,2024-staff-3-2-3,3) 디지털 교육 소프트웨어 및 응용 프로그램 활용,다. 교수 활동 지원,subheading,0.978
2024-staff-3-2,2024-staff-3-3-2,3) 구술 평가,시각장애인교원 지원 방안 나. 평가 유형별 지원 내용,subheading+containment,1.000
2024-staff-3-3,2024-staff-3-4-2,3) 환경 보호 활동,시각장애인교원 지원 방안 나. 봉사 활동,subheading+containment,0.953
2024-staff-3-4,2024-staff-3-6-3,3) 급식 지도,다. 생활 지도,subheading+containment,1.000
2024-staff-3-5,2024-staff-4-1-2,3) 교구 개발 및 제작,지체·뇌병변장애인교원 지원 방안 나. 교수학습자료 개발 및 준비,subheading+containment,1.000
2024-staff-3-6,2024-staff-4-10-1,3) 보조 기구 관리 및 유지,가. 물리적 접근 지원,subheading,0.993
2024-staff-3-7,2024-staff-5-4-2,3) 환경 보호 활동,청각장애인교원 지원 방안 나. 봉사 활동,subheading+containment,0.965
2024-staff-3-8,2024-staff-5-8-2,3) 쌍방향 원격 연수,나. 원격 연수,subheading,1.000
2024-staff-4,2024-staff-3-3-2,4) 토의·토론 평가,시각장애인교원 지원 방안 나. 평가 유형별 지원 내용,subheading+containment,1.000
2024-staff-4-2,2024-staff-4-4-1,4) 캠페인 활동,가. 창의적 체험활동 지원,subheading+containment,0.932
2024-staff-5,,Ⅰ 안내자료 개요 및 활용 방안 5,,unmatched,0.130
2024-staff-5-2,2024-staff-3-1-2,5) 디지털 및 소프트웨어 등 응용 프로그램,시각장애인교원 지원 방안 나. 교수학습자료 개발 및 준비,subheading,0.973
2024-staff-5-3,2024-staff-3-3-2,5) 실험·실습 평가,시각장애인교원 지원 방안 나. 평가 유형별 지원 내용,subheading+containment,1.000
2024-staff-5-4,2024-staff-4-1-2,5) 음성 수업자료 제작,지체·뇌병변장애인교원 지원 방안 나. 교수학습자료 개발 및 준비,subheading,1.000
2024-staff-6,2024-staff-3-3-2,6) 자기평가 및 동료평가,시각장애인교원 지원 방안 나. 평가 유형별 지원 내용,subheading+containment,1.000
2024-staff-6-2,2024-staff-5-4-4,6) 진로 활동,청각장애인교원 지원 방안 라. 진로 활동,title+containment,0.849
2024-staff-9,,Ⅱ 장애인교원 지원인력의 직무에 대한 이해 및 지원 원칙 9,,unmatched,0.412
2024-staff-k,2024-staff-3-7-3,다. 교육행정정보시스템(나이스) 및 행·재정통합시스템(K-에듀파인) 활용,다. 교육행정정보시스템(나이스) 및 행·재정통합시스템(K-에듀파인) 활용,title,0.953
2024-staff-p-004,2024-staff-1-1-1,가. 개요,가. 개요,title,1.000
2024-staff-p-005,2024-staff-1-1-2,나. 목적,나. 목적,title,1.000
2024-staff-p-006,2024-staff-1-1-3,다. 장애인교원의 지원인력 제공을 위한 근거,다. 장애인교원의 지원인력 제공을 위한 근거,title,1.000
2024-staff-p-007,2024-staff-1-2-1,가. 장애인교원,가. 장애인교원,title,1.000
2024-staff-p-008,2024-staff-1-2-2,나. 지원인력,나. 지원인력,title,1.000
2024-staff-p-009,2024-staff-1-2-3,다. 학교 관리자,다. 학교 관리자,title,1.000
2024-staff-p-011,2024-staff-2-2-1,가. 지원인력은 장애인교원의 의사 및 자기결정권을 존중한다.,가. 지원인력은 장애인교원의 의사 및 자기결정권을 존중한다.,title,1.000
2024-staff-p-012,2024-staff-2-2-2,나. 지원인력은 장애인교원 지원 업무를 최우선 업무로 수행한다.,나. 지원인력은 장애인교원 지원 업무를 최우선 업무로 수행한다.,title,1.000
2024-staff-p-013,2024-staff-2-2-3,다. 지원인력은 장애인교원이 교육활동의 핵심 주체가 되도록 지원한다.,다. 지원인력은 장애인교원이 교육활동의 핵심 주체가 되도록 지원한다.,title,0.977
2024-staff-p-014,2024-staff-2-2-4,라. 지원인력은 동료 교직원 등과의 업무 영역의 직접적인 의사소통은 지양한다.,라. 지원인력은 동료 교직원 등과의 업무 영역의 직접적인 의사소통은 지양한다.,title,0.646
2024-staff-p-015,2024-staff-2-3-1,가. 지원인력의 지원 역할의 범위와 그 내용은 장애인교원의 개별적 요구에 따라 상이하다.,가. 지원인력의 지원 역할의 범위와 그 내용은 장애인교원의 개별적 요구에 따라 상이하다.,title,1.000
2024-staff-p-016,2024-staff-2-3-2,나. 장애인교원의 업무는 지원인력을 통해서 수행해야 하는 업무가 존재한다.,나. 장애인교원의 업무는 지원인력을 통해서 수행해야 하는 업무가 존재한다.,title,1.000
2024-staff-p-017,2024-staff-2-3-3,다. 지원인력의 지원 업무는 교육활동과 지원인력의 지원활동으로 명확히 구분하기 어려운 업무가 존재한다.,다. 지원인력의 지원 업무는 교육활동과 지원인력의 지원활동으로 명확히 구분하기 어려운 업무가 존재한다.,title,0.989
2024-staff-p-018,2024-staff-3-1-1,가. 교수학습 활동 계획 수립 지원,시각장애인교원 지원 방안 가. 교수학습 활동 계획 수립 지원,title+containment,1.000
2024-staff-p-019,2024-staff-3-1-2,나. 교수학습자료 개발 및 준비,시각장애인교원 지원 방안 나. 교수학습자료 개발 및 준비,title+containment,0.854
2024-staff-p-020,2024-staff-3-1-2,유의사항,시각장애인교원 지원 방안 나. 교수학습자료 개발 및 준비,containment,0.972
2024-staff-p-022,2024-staff-3-1-3,다. 학생 좌석 배치 및 모둠 구성,다. 학생 좌석 배치 및 모둠 구성,title,1.000
2024-staff-p-023,2024-staff-3-1-3,□ 학생 좌석 배치 지원 절차,다. 학생 좌석 배치 및 모둠 구성,subheading,0.666
2024-staff-p-024,2024-staff-3-2-1,가. 출석 및 교실 환경 확인,가. 출석 및 교실 환경 확인,title,0.970
2024-staff-p-025,2024-staff-3-2-2,나. 교수학습 기자재 준비,나. 교수학습 기자재 준비,title+containment,0.883
2024-staff-p-026,2024-staff-3-2-2,□ 기자재별 준비 시기 및 예시,나. 교수학습 기자재 준비,subheading,0.872
2024-staff-p-030,2024-staff-3-2-4,라. 학습 활동 지원,라. 학습 활동 지원,title+containment,0.994
2024-staff-p-035,2024-staff-3-3-1,가. 평가 활동 계획,시각장애인교원 지원 방안 가. 평가 활동 계획,title+containment,1.000
2024-staff-p-036,2024-staff-3-3-2,나. 평가 유형별 지원 내용,시각장애인교원 지원 방안 나. 평가 유형별 지원 내용,title+containment,1.000
2024-staff-p-042,2024-staff-3-3-3,다. 평가 관리,시각장애인교원 지원 방안 다. 평가 관리,title+containment,1.000
2024-staff-p-043,2024-staff-3-3-4,라. 평가 기록 입력 (학교생활기록부),시각장애인교원 지원 방안 라. 평가 기록 입력 (학교생활기록부),title+containment,1.000
2024-staff-p-044,2024-staff-3-4-1,가. 자율 활동,시각장애인교원 지원 방안 가. 자율 활동,title+containment,1.000
2024-staff-p-045,2024-staff-3-4-2,나. 봉사 활동,시각장애인교원 지원 방안 나. 봉사 활동,title+containment,0.983
2024-staff-p-052,2024-staff-3-5-1,가. 학급 미화,시각장애인교원 지원 방안 가. 학급 미화,title+containment,1.000
2024-staff-p-053,2024-staff-3-5-2,나. 교육 기자재 및 비품의 배치 및 관리,나. 교육 기자재 및 비품의 배치 및 관리,title,1.000
2024-staff-p-054,2024-staff-3-5-3,다. 좌석 배치,시각장애인교원 지원 방안 다. 좌석 배치,title+containment,0.989
2024-staff-p-055,2024-staff-3-5-4,라. 조례 및 종례,라. 조례 및 종례,title,1.000
2024-staff-p-056,2024-staff-3-5-5,마. 가정통신문 관리,마. 가정통신문 관리,title,1.000
2024-staff-p-057,2024-staff-3-5-6,바. 출석부 관리,바. 출석부 관리,title,1.000
2024-staff-p-058,2024-staff-3-5-7,사. 학생 관찰,사. 학생 관찰,title,1.000
2024-staff-p-059,2024-staff-3-5-8,아. 학생 안전,아. 학생 안전,title+containment,0.984
2024-staff-p-064,2024-staff-3-6-1,가. 학생 관찰 및 정보 전달,생활 지도 가. 학생 관찰 및 정보 전달,title+containment,0.970
2024-staff-p-065,2024-staff-3-6-2,나. 상담,생활 지도 나. 상담,title+containment,0.993
2024-staff-p-069,2024-staff-3-7-1,가. 정보 검색 및 수집,가. 정보 검색 및 수집,title,0.943
2024-staff-p-070,2024-staff-3-7-2,나. 전자문서 작성 및 편집,나. 전자문서 작성 및 편집,title,0.948
2024-staff-p-072,2024-staff-3-7-4,라. 비전자문서 작성 및 관리,라. 비전자문서 작성 및 관리,title,1.000
2024-staff-p-073,2024-staff-3-7-5,마. 위원회 및 협의회 운영,마. 위원회 및 협의회 운영,title,0.965
2024-staff-p-074,2024-staff-3-7-6,바. 교육 기자재 및 물품 관리,바. 교육 기자재 및 물품 관리,title,1.000
2024-staff-p-075,2024-staff-3-7-7,사. 행사 기획 및 운영,사. 행사 기획 및 운영,title+containment,0.956
2024-staff-p-076,2024-staff-3-7-9,아. 물품 및 간식 등 구입,자. 출장 업무 지원,subheading,1.000
2024-staff-p-077,2024-staff-3-7-9,자. 출장 업무 지원,자. 출장 업무 지원,title,0.970
2024-staff-p-078,2024-staff-3-8-1,가. 전화 업무,가. 전화 업무,title,0.944
2024-staff-p-079,2024-staff-3-8-2,나. 업무용 메신저 등 활용,나. 업무용 메신저 등 활용,title,0.944
2024-staff-p-080,2024-staff-3-9-1,가. 집합연수,시각장애인교원 지원 방안 가. 집합연수,title+containment,1.000
2024-staff-p-081,2024-staff-3-9-2,나. 원격연수,나. 원격연수,title+containment,1.000
2024-staff-p-082,2024-staff-3-10-1,가. 안내 보행 및 오리엔테이션,가. 안내 보행 및 오리엔테이션,title,1.000
2024-staff-p-083,2024-staff-3-10-2,나. 식사 지원,나. 식사 지원,title,0.988
2024-staff-p-085,2024-staff-4-1-2,나. 교수학습자료 개발 및 준비,지체·뇌병변장애인교원 지원 방안 나. 교수학습자료 개발 및 준비,title+containment,0.861
2024-staff-p-088,2024-staff-4-1-2,□ 교구 제작 지원 절차 흐름도,지체·뇌병변장애인교원 지원 방안 나. 교수학습자료 개발 및 준비,subheading,0.888
2024-staff-p-089,2024-staff-3-1-2,□ 시청각 멀티미디어 자료의 유형,시각장애인교원 지원 방안 나. 교수학습자료 개발 및 준비,subheading+containment,0.818
2024-staff-p-091,2024-staff-4-1-3,다. 교실 환경 조성,다. 교실 환경 조성,title,1.000
2024-staff-p-092,2024-staff-4-1-3,유의사항,다. 교실 환경 조성,containment,0.907
2024-staff-p-094,2024-staff-4-2-1,가. 교수학습 기자재 준비,가. 교수학습 기자재 준비,title+containment,0.840
2024-staff-p-095,2024-staff-4-2-2,나. 교수 활동 지원,나. 교수 활동 지원,title+containment,0.927
2024-staff-p-096,2024-staff-4-2-3,다. 학습 활동 지원,지체·뇌병변장애인교원 지원 방안 다. 학습 활동 지원,title+containment,0.871
2024-staff-p-098,2024-staff-4-2-3,□ 모둠 구성 및 역할 부여 지원 절차 흐름도,지체·뇌병변장애인교원 지원 방안 다. 학습 활동 지원,subheading,0.870
2024-staff-p-099,2024-staff-4-2-3,□ 학습 과제 제시 및 수행 지원 절차 흐름도,지체·뇌병변장애인교원 지원 방안 다. 학습 활동 지원,subheading,0.667
2024-staff-p-100,2024-staff-4-2-4,① 교수학습 상황 정보 전달,라. 접근이 어렵거나 시각적으로 사각지대에 있는 학생 관찰 및 정보 전달,containment,1.000
2024-staff-p-101,2024-staff-3-2-5,② 도전적 행동 관찰 및 정보 전달,마. 학생 관찰 및 정보 전달,subheading+containment,0.544
2024-staff-p-102,2024-staff-4-2-5,□ 수업 종료 후 지원 예시,마. 수업 종료 후 지원,subheading,0.968
2024-staff-p-103,2024-staff-4-2-5,□ 수업 종료 후 지원 절차 흐름도,마. 수업 종료 후 지원,subheading,0.717
2024-staff-p-104,2024-staff-4-3-1,가. 평가 활동 계획,지체·뇌병변장애인교원 지원 방안 가. 평가 활동 계획,title+containment,1.000
2024-staff-p-105,2024-staff-4-3-2,나. 평가 유형별 지원 내용,지체·뇌병변장애인교원 지원 방안 나. 평가 유형별 지원 내용,title+containment,0.962
2024-staff-p-108,2024-staff-4-3-4,□ 평가 입력 지원 절차 흐름도,지체·뇌병변장애인교원 지원 방안 라. 평가 기록 입력 (학교생활기록부),subheading,0.500
2024-staff-p-109,2024-staff-4-4-1,가. 창의적 체험활동 지원,가. 창의적 체험활동 지원,title,1.000
2024-staff-p-112,2024-staff-4-4-1,□ 캠페인활동 지원 절차 흐름도,가. 창의적 체험활동 지원,subheading,0.934
2024-staff-p-113,2024-staff-4-3-2,□ 실험·실습 평가 지원 방식,지체·뇌병변장애인교원 지원 방안 나. 평가 유형별 지원 내용,subheading,0.240
2024-staff-p-114,2024-staff-4-4-1,□ 지역사회봉사활동 및 자연환경보호활동 지원 절차,가. 창의적 체험활동 지원,subheading,0.950
2024-staff-p-116,2024-staff-4-4-2,나. 비교과 활동 내용 입력 (학교생활기록부),나. 비교과 활동 내용 입력 (학교생활기록부),title+containment,0.994
2024-staff-p-117,2024-staff-4-5-1,가. 학급 미화,지체·뇌병변장애인교원 지원 방안 가. 학급 미화,title+containment,0.996
2024-staff-p-118,2024-staff-4-5-2,나. 교육 기자재 관리,나. 교육 기자재 관리,title,1.000
2024-staff-p-119,2024-staff-4-5-3,다. 좌석 배치,지체·뇌병변장애인교원 지원 방안 다. 좌석 배치,title+containment,1.000
2024-staff-p-120,2024-staff-3-5-4,라. 조례 및 종례,라. 조례 및 종례,title,0.741
2024-staff-p-121,2024-staff-4-5-5,마. 가정통신문 배부 및 수합,마. 가정통신문 배부 및 수합,title,0.988
2024-staff-p-122,2024-staff-4-5-6,바. 학생 안전,바. 학생 안전,title+containment,1.000
2024-staff-p-123,2024-staff-4-5-7,사. 상담,사. 상담,title+containment,1.000
2024-staff-p-126,2024-staff-4-5-8,② 교외 학급 활동 사전 준비,아. 학급 활동,containment,0.980
2024-staff-p-127,2024-staff-4-5-8,③ 교외 학급 활동 실행,아. 학급 활동,containment,0.982
2024-staff-p-128,2024-staff-4-6-1,가. 학생 관찰 및 정보 전달,생활지도 가. 학생 관찰 및 정보 전달,title+containment,0.982
2024-staff-p-129,2024-staff-4-6-2,나. 상담,생활지도 나. 상담,title+containment,0.975
2024-staff-p-130,2024-staff-4-6-3,다. 생활지도,다. 생활지도,title+containment,0.973
2024-staff-p-131,2024-staff-4-7-1,가. 업무 환경의 접근성 개선,가. 업무 환경의 접근성 개선,title,1.000
2024-staff-p-132,2024-staff-4-7-2,나. 업무 수행 방식의 조정,나. 업무 수행 방식의 조정,title,0.992
2024-staff-p-133,2024-staff-4-8-1,가. 전화 걸기 및 받기,가. 전화 걸기 및 받기,title,1.000
2024-staff-p-134,2024-staff-4-8-2,나. 전화 응대,나. 전화 응대,title,1.000
2024-staff-p-135,2024-staff-4-8-4,다. 전화 기록 및 전달,라. 보조 기술 활용,subheading,1.000
2024-staff-p-136,2024-staff-4-8-4,라. 보조 기술 활용,라. 보조 기술 활용,title,0.990
2024-staff-p-137,2024-staff-4-9-1,가. 외부 연수 시 그룹 활동 지원,가. 외부 연수 시 그룹 활동 지원,title,1.000
2024-staff-p-138,2024-staff-4-9-2,나. 연수 내용 및 자료 정보 전달,나. 연수 내용 및 자료 정보 전달,title,1.000
2024-staff-p-139,2024-staff-4-9-3,다. 외부 연수 시 이동 및 활동 지원,다. 외부 연수 시 이동 및 활동 지원,title,0.989
2024-staff-p-140,2024-staff-4-10-1,가. 물리적 접근 지원,가. 물리적 접근 지원,title,0.835
2024-staff-p-145,2024-staff-5-1-3,다. 지원 기자재 여건 확인,다. 지원 기자재 여건 확인,title,0.958
2024-staff-p-146,2024-staff-5-1-4,라. 갑작스러운 상황을 예상하여 대처 방안 논의,라. 갑작스러운 상황을 예상하여 대처 방안 논의,title,0.978
2024-staff-p-147,2024-staff-5-2-1,가. 출석 확인 및 수업 전 라포 형성,가. 출석 확인 및 수업 전 라포 형성,title,0.980
2024-staff-p-148,2024-staff-5-2-2,나. 교수 활동 지원 과정에서 소통 지원,나. 교수 활동 지원 과정에서 소통 지원,title,1.000
2024-staff-p-149,2024-staff-5-2-2,▎ 청각장애인교원의 교수 활동 지원 예시,나. 교수 활동 지원 과정에서 소통 지원,containment,0.957
2024-staff-p-150,2024-staff-5-2-3,다. 학습 활동 지원,청각장애인교원 지원 방안 다. 학습 활동 지원,title+containment,1.000
2024-staff-p-152,2024-staff-5-3-1,가. 평가 유형별 지원내용,가. 평가 유형별 지원내용,title+containment,0.986
2024-staff-p-153,2024-staff-5-3-2,나. 평가기록 입력(생활기록부),나. 평가기록 입력(생활기록부),title,1.000
2024-staff-p-154,2024-staff-5-4-1,가. 자율 활동,청각장애인교원 지원 방안 가. 자율 활동,title+containment,1.000
2024-staff-p-155,2024-staff-5-4-2,나. 봉사 활동,청각장애인교원 지원 방안 나. 봉사 활동,title+containment,0.976
2024-staff-p-158,2024-staff-5-4-3,다. 동아리 활동,청각장애인교원 지원 방안 다. 동아리 활동,title+containment,0.757
2024-staff-p-159,2024-staff-5-4-5,마. 비교과 활동 내용 입력 (학교생활기록부),청각장애인교원 지원 방안 마. 비교과 활동 내용 입력 (학교생활기록부),title+containment,0.542
2024-staff-p-160,2024-staff-5-5-1,가. 전반적인 학생 생활지도,가. 전반적인 학생 생활지도,title,0.972
2024-staff-p-161,2024-staff-5-5-2,나. 부적응 학생 지도,나. 부적응 학생 지도,title,1.000
2024-staff-p-162,2024-staff-5-6-1,가. 상담,가. 상담,title+containment,0.809
2024-staff-p-163,2024-staff-5-6-2,나. 라포 형성 지원,나. 라포 형성 지원,title,1.000
2024-staff-p-164,2024-staff-5-7-1,가. 비장애인교원과의 대면소통 지원,가. 비장애인교원과의 대면소통 지원,title,0.972
2024-staff-p-165,2024-staff-5-7-2,지원 예시,나. 비장애인교원과의 전화 소통 지원,containment,0.924
2024-staff-p-166,2024-staff-5-7-2,지원 예시,나. 비장애인교원과의 전화 소통 지원,containment,0.946
2024-staff-p-169,2024-staff-5-7-4,라. 외부 시설 출장 및 답사 지원,라. 외부 시설 출장 및 답사 지원,title,1.000
2024-staff-p-170,2024-staff-5-8-1,가. 집합연수,청각장애인교원 지원 방안 가. 집합연수,title+containment,0.944
2024-staff-p-171,2024-staff-5-8-2,나. 원격 연수,나. 원격 연수,title+containment,1.000
2024-staff-p-174,2024-staff-5-9-1,가. 청각적 정보 전달,가. 청각적 정보 전달,title,0.922
2024-staff-p-175,2024-staff-5-9-2,나. 학교 구성원간 상호작용 지원,나. 학교 구성원간 상호작용 지원,title,1.000
2024-staff-p-176,2024-staff-5-9-3,다. 지원인력의 역할 및 업무 이해 지원,다. 지원인력의 역할 및 업무 이해 지원,title,0.977
2024-staff-p-177,2024-staff-5-9-3,유의사항,다. 지원인력의 역할 및 업무 이해 지원,containment,0.992
2024-staff-p-178,2024-staff-app-1-x1,■ 총론적 의무 관련 법적 근거,□ 총론적 의무 관련 법적 근거,title,0.920
2024-staff-p-179,2024-staff-app-1-x2,장애인차별금지 및 권리구제 등에 관한 법률,□ 지원인력 및 보조공학기기 등 편의제공 관련 법적 근거,containment,0.927
2024-staff-p-181,2024-staff-app-1-x4,장애인차별금지 및 권리구제 등에 관한 법률,□ 정보 접근성 관련 법적 근거,containment,0.963
2024-staff-p-182,2024-staff-app-2,"① 보기(읽기), 쓰기 지원 보조공학기기",<부록2> 보조기기의 종류별 사용법 및 관리법,containment,0.730
2024-staff-p-183,2024-staff-app-2,- 특수 마우스,<부록2> 보조기기의 종류별 사용법 및 관리법,containment,0.714
2024-staff-p-184,2024-staff-app-2,- 수동 휠체어,<부록2> 보조기기의 종류별 사용법 및 관리법,containment,0.683
2024-staff-p-185,,장애인교원 지원인력 직무 수행 안내자료,,unmatched,0.231
2024-staff-q-a,2024-staff-4-1-3,Q & A,다. 교실 환경 조성,containment,0.911
